"","date","ReviewSource","brand","n"
"1",2018-11-07,"Playstore","flutterwave",1
"2",2018-11-09,"Playstore","flutterwave",1
"3",2018-11-16,"Playstore","flutterwave",1
"4",2018-11-18,"Playstore","flutterwave",2
"5",2018-11-24,"Playstore","flutterwave",1
"6",2018-11-25,"Playstore","flutterwave",1
"7",2018-11-26,"AppStore","flutterwave",2
"8",2018-11-29,"Playstore","flutterwave",1
"9",2018-12-02,"AppStore","flutterwave",1
"10",2018-12-03,"AppStore","flutterwave",1
"11",2018-12-04,"AppStore","flutterwave",1
"12",2018-12-05,"Playstore","flutterwave",2
"13",2018-12-08,"Playstore","flutterwave",2
"14",2018-12-09,"Playstore","flutterwave",1
"15",2018-12-11,"Playstore","flutterwave",1
"16",2018-12-12,"Playstore","flutterwave",1
"17",2018-12-13,"Playstore","flutterwave",1
"18",2018-12-14,"Playstore","flutterwave",2
"19",2018-12-19,"Playstore","flutterwave",1
"20",2018-12-20,"Playstore","flutterwave",1
"21",2018-12-22,"Playstore","flutterwave",1
"22",2018-12-31,"Playstore","flutterwave",1
"23",2019-01-03,"Playstore","flutterwave",1
"24",2019-01-10,"Playstore","flutterwave",1
"25",2019-01-11,"AppStore","flutterwave",1
"26",2019-01-16,"Playstore","flutterwave",1
"27",2019-01-17,"AppStore","flutterwave",3
"28",2019-01-17,"Playstore","flutterwave",27
"29",2019-01-19,"Playstore","flutterwave",1
"30",2019-01-20,"Playstore","flutterwave",2
"31",2019-01-21,"Playstore","flutterwave",2
"32",2019-01-22,"AppStore","flutterwave",1
"33",2019-01-22,"Playstore","flutterwave",2
"34",2019-01-23,"Playstore","flutterwave",2
"35",2019-01-24,"Playstore","flutterwave",2
"36",2019-01-25,"Playstore","flutterwave",2
"37",2019-01-26,"Playstore","flutterwave",1
"38",2019-01-27,"Playstore","flutterwave",1
"39",2019-01-28,"Playstore","flutterwave",3
"40",2019-01-29,"Playstore","flutterwave",2
"41",2019-01-30,"Playstore","flutterwave",2
"42",2019-01-31,"Playstore","flutterwave",1
"43",2019-02-01,"AppStore","flutterwave",1
"44",2019-02-01,"Playstore","flutterwave",1
"45",2019-02-02,"Playstore","flutterwave",1
"46",2019-02-03,"Playstore","flutterwave",2
"47",2019-02-04,"Playstore","flutterwave",1
"48",2019-02-05,"Playstore","flutterwave",1
"49",2019-02-06,"AppStore","flutterwave",1
"50",2019-02-06,"Playstore","flutterwave",4
"51",2019-02-07,"Playstore","flutterwave",2
"52",2019-02-08,"Playstore","flutterwave",1
"53",2019-02-09,"Playstore","flutterwave",1
"54",2019-02-10,"Playstore","flutterwave",3
"55",2019-02-11,"Playstore","flutterwave",2
"56",2019-02-12,"Playstore","flutterwave",1
"57",2019-02-13,"Playstore","flutterwave",1
"58",2019-02-14,"Playstore","flutterwave",1
"59",2019-02-15,"Playstore","flutterwave",2
"60",2019-02-16,"AppStore","flutterwave",1
"61",2019-02-16,"Playstore","flutterwave",1
"62",2019-02-17,"Playstore","flutterwave",1
"63",2019-02-18,"Playstore","flutterwave",1
"64",2019-02-19,"Playstore","flutterwave",1
"65",2019-02-20,"Playstore","flutterwave",1
"66",2019-02-21,"Playstore","flutterwave",1
"67",2019-02-22,"Playstore","flutterwave",1
"68",2019-02-23,"Playstore","flutterwave",4
"69",2019-02-25,"Playstore","flutterwave",3
"70",2019-02-26,"Playstore","flutterwave",2
"71",2019-02-28,"Playstore","flutterwave",4
"72",2019-03-01,"Playstore","flutterwave",2
"73",2019-03-02,"Playstore","flutterwave",1
"74",2019-03-03,"Playstore","flutterwave",1
"75",2019-03-04,"Playstore","flutterwave",2
"76",2019-03-06,"Playstore","flutterwave",3
"77",2019-03-07,"Playstore","flutterwave",2
"78",2019-03-08,"AppStore","flutterwave",1
"79",2019-03-08,"Playstore","flutterwave",2
"80",2019-03-09,"Playstore","flutterwave",5
"81",2019-03-10,"Playstore","flutterwave",2
"82",2019-03-12,"Playstore","flutterwave",2
"83",2019-03-13,"Playstore","flutterwave",3
"84",2019-03-14,"Playstore","flutterwave",1
"85",2019-03-15,"AppStore","flutterwave",1
"86",2019-03-15,"Playstore","flutterwave",2
"87",2019-03-16,"Playstore","flutterwave",2
"88",2019-03-17,"AppStore","flutterwave",1
"89",2019-03-17,"Playstore","flutterwave",2
"90",2019-03-18,"Playstore","flutterwave",3
"91",2019-03-19,"AppStore","flutterwave",2
"92",2019-03-19,"Playstore","flutterwave",1
"93",2019-03-20,"Playstore","flutterwave",1
"94",2019-03-22,"Playstore","flutterwave",2
"95",2019-03-23,"AppStore","flutterwave",1
"96",2019-03-23,"Playstore","flutterwave",1
"97",2019-03-25,"AppStore","flutterwave",1
"98",2019-03-27,"Playstore","flutterwave",1
"99",2019-03-28,"Playstore","flutterwave",4
"100",2019-03-29,"Playstore","flutterwave",2
"101",2019-03-30,"Playstore","flutterwave",1
"102",2019-03-31,"Playstore","flutterwave",2
"103",2019-04-01,"Playstore","flutterwave",1
"104",2019-04-03,"Playstore","flutterwave",1
"105",2019-04-04,"Playstore","flutterwave",5
"106",2019-04-05,"Playstore","flutterwave",2
"107",2019-04-06,"Playstore","flutterwave",1
"108",2019-04-08,"Playstore","flutterwave",2
"109",2019-04-10,"Playstore","flutterwave",2
"110",2019-04-11,"Playstore","flutterwave",1
"111",2019-04-12,"Playstore","flutterwave",3
"112",2019-04-14,"Playstore","flutterwave",2
"113",2019-04-15,"Playstore","flutterwave",2
"114",2019-04-16,"AppStore","flutterwave",1
"115",2019-04-16,"Playstore","flutterwave",1
"116",2019-04-17,"AppStore","flutterwave",1
"117",2019-04-17,"Playstore","flutterwave",1
"118",2019-04-18,"Playstore","flutterwave",1
"119",2019-04-19,"AppStore","flutterwave",1
"120",2019-04-19,"Playstore","flutterwave",3
"121",2019-04-20,"Playstore","flutterwave",1
"122",2019-04-21,"Playstore","flutterwave",2
"123",2019-04-22,"Playstore","flutterwave",1
"124",2019-04-23,"Playstore","flutterwave",2
"125",2019-04-24,"AppStore","flutterwave",1
"126",2019-04-24,"Playstore","flutterwave",4
"127",2019-04-26,"Playstore","flutterwave",2
"128",2019-04-29,"Playstore","flutterwave",1
"129",2019-04-30,"AppStore","flutterwave",1
"130",2019-04-30,"Playstore","flutterwave",3
"131",2019-05-01,"Playstore","flutterwave",1
"132",2019-05-02,"Playstore","flutterwave",3
"133",2019-05-03,"Playstore","flutterwave",5
"134",2019-05-04,"Playstore","flutterwave",1
"135",2019-05-05,"Playstore","flutterwave",2
"136",2019-05-06,"Playstore","flutterwave",1
"137",2019-05-07,"Playstore","flutterwave",1
"138",2019-05-08,"Playstore","flutterwave",1
"139",2019-05-09,"Playstore","flutterwave",1
"140",2019-05-10,"Playstore","flutterwave",1
"141",2019-05-12,"Playstore","flutterwave",1
"142",2019-05-13,"Playstore","flutterwave",3
"143",2019-05-14,"Playstore","flutterwave",1
"144",2019-05-16,"Playstore","flutterwave",4
"145",2019-05-17,"Playstore","flutterwave",2
"146",2019-05-18,"Playstore","flutterwave",2
"147",2019-05-20,"Playstore","flutterwave",1
"148",2019-05-21,"Playstore","flutterwave",1
"149",2019-05-22,"Playstore","flutterwave",1
"150",2019-05-23,"AppStore","flutterwave",1
"151",2019-05-23,"Playstore","flutterwave",3
"152",2019-05-24,"Playstore","flutterwave",3
"153",2019-05-27,"Playstore","flutterwave",1
"154",2019-05-28,"Playstore","flutterwave",7
"155",2019-05-29,"Playstore","flutterwave",1
"156",2019-05-30,"Playstore","flutterwave",2
"157",2019-05-31,"Playstore","flutterwave",2
"158",2019-06-01,"Playstore","flutterwave",3
"159",2019-06-02,"Playstore","flutterwave",1
"160",2019-06-03,"Playstore","flutterwave",1
"161",2019-06-04,"Playstore","flutterwave",3
"162",2019-06-05,"Playstore","flutterwave",2
"163",2019-06-06,"Playstore","flutterwave",1
"164",2019-06-07,"AppStore","flutterwave",1
"165",2019-06-07,"Playstore","flutterwave",1
"166",2019-06-08,"AppStore","flutterwave",1
"167",2019-06-08,"Playstore","flutterwave",3
"168",2019-06-09,"AppStore","flutterwave",3
"169",2019-06-09,"Playstore","flutterwave",4
"170",2019-06-10,"AppStore","flutterwave",4
"171",2019-06-10,"Playstore","flutterwave",9
"172",2019-06-11,"AppStore","flutterwave",1
"173",2019-06-11,"Playstore","flutterwave",8
"174",2019-06-12,"AppStore","flutterwave",2
"175",2019-06-12,"Playstore","flutterwave",2
"176",2019-06-13,"Playstore","flutterwave",4
"177",2019-06-14,"AppStore","flutterwave",1
"178",2019-06-14,"Playstore","flutterwave",2
"179",2019-06-17,"Playstore","flutterwave",1
"180",2019-06-19,"Playstore","flutterwave",2
"181",2019-06-20,"Playstore","flutterwave",1
"182",2019-06-21,"Playstore","flutterwave",1
"183",2019-06-24,"Playstore","flutterwave",2
"184",2019-06-25,"Playstore","flutterwave",2
"185",2019-06-26,"Playstore","flutterwave",2
"186",2019-06-28,"Playstore","flutterwave",2
"187",2019-06-29,"Playstore","flutterwave",4
"188",2019-07-01,"Playstore","flutterwave",3
"189",2019-07-02,"Playstore","flutterwave",5
"190",2019-07-03,"Playstore","flutterwave",1
"191",2019-07-04,"Playstore","flutterwave",1
"192",2019-07-05,"Playstore","flutterwave",1
"193",2019-07-06,"Playstore","flutterwave",1
"194",2019-07-07,"Playstore","flutterwave",1
"195",2019-07-08,"Playstore","flutterwave",1
"196",2019-07-09,"Playstore","flutterwave",1
"197",2019-07-10,"Playstore","flutterwave",3
"198",2019-07-11,"Playstore","flutterwave",1
"199",2019-07-12,"Playstore","flutterwave",1
"200",2019-07-13,"Playstore","flutterwave",2
"201",2019-07-14,"Playstore","flutterwave",1
"202",2019-07-15,"Playstore","flutterwave",2
"203",2019-07-17,"Playstore","flutterwave",2
"204",2019-07-18,"Playstore","flutterwave",1
"205",2019-07-19,"Playstore","flutterwave",4
"206",2019-07-20,"Playstore","flutterwave",1
"207",2019-07-22,"Playstore","flutterwave",1
"208",2019-07-23,"Playstore","flutterwave",1
"209",2019-07-24,"Playstore","flutterwave",1
"210",2019-07-25,"Playstore","flutterwave",1
"211",2019-07-26,"Playstore","flutterwave",6
"212",2019-07-27,"Playstore","flutterwave",3
"213",2019-07-28,"Playstore","flutterwave",1
"214",2019-07-30,"Playstore","flutterwave",2
"215",2019-08-01,"Playstore","flutterwave",1
"216",2019-08-04,"Playstore","flutterwave",3
"217",2019-08-05,"Playstore","flutterwave",1
"218",2019-08-06,"Playstore","flutterwave",6
"219",2019-08-07,"Playstore","flutterwave",1
"220",2019-08-08,"Playstore","flutterwave",5
"221",2019-08-09,"Playstore","flutterwave",1
"222",2019-08-10,"Playstore","flutterwave",4
"223",2019-08-11,"Playstore","flutterwave",2
"224",2019-08-12,"Playstore","flutterwave",1
"225",2019-08-13,"Playstore","flutterwave",2
"226",2019-08-14,"Playstore","flutterwave",3
"227",2019-08-15,"Playstore","flutterwave",3
"228",2019-08-16,"Playstore","flutterwave",1
"229",2019-08-18,"Playstore","flutterwave",1
"230",2019-08-19,"Playstore","flutterwave",2
"231",2019-08-21,"Playstore","flutterwave",5
"232",2019-08-22,"Playstore","flutterwave",1
"233",2019-08-23,"Playstore","flutterwave",2
"234",2019-08-25,"Playstore","flutterwave",2
"235",2019-08-26,"Playstore","flutterwave",3
"236",2019-08-27,"Playstore","flutterwave",10
"237",2019-08-28,"AppStore","flutterwave",1
"238",2019-08-28,"Playstore","flutterwave",43
"239",2019-08-29,"Playstore","flutterwave",39
"240",2019-08-30,"Playstore","flutterwave",10
"241",2019-08-31,"Playstore","flutterwave",2
"242",2019-09-01,"Playstore","flutterwave",16
"243",2019-09-02,"Playstore","flutterwave",7
"244",2019-09-03,"Playstore","flutterwave",5
"245",2019-09-04,"Playstore","flutterwave",13
"246",2019-09-05,"AppStore","flutterwave",1
"247",2019-09-05,"Playstore","flutterwave",19
"248",2019-09-06,"AppStore","flutterwave",1
"249",2019-09-06,"Playstore","flutterwave",26
"250",2019-09-07,"AppStore","flutterwave",1
"251",2019-09-07,"Playstore","flutterwave",65
"252",2019-09-08,"Playstore","flutterwave",5
"253",2019-09-09,"Playstore","flutterwave",3
"254",2019-09-10,"Playstore","flutterwave",6
"255",2019-09-11,"Playstore","flutterwave",2
"256",2019-09-12,"Playstore","flutterwave",4
"257",2019-09-13,"Playstore","flutterwave",4
"258",2019-09-14,"Playstore","flutterwave",10
"259",2019-09-15,"Playstore","flutterwave",3
"260",2019-09-16,"Playstore","flutterwave",4
"261",2019-09-17,"Playstore","flutterwave",2
"262",2019-09-18,"Playstore","flutterwave",3
"263",2019-09-19,"Playstore","flutterwave",7
"264",2019-09-20,"Playstore","flutterwave",3
"265",2019-09-21,"Playstore","flutterwave",1
"266",2019-09-22,"Playstore","flutterwave",2
"267",2019-09-23,"Playstore","flutterwave",3
"268",2019-09-25,"Playstore","flutterwave",1
"269",2019-09-26,"Playstore","flutterwave",1
"270",2019-09-27,"Playstore","flutterwave",1
"271",2019-10-01,"Playstore","flutterwave",2
"272",2019-10-02,"Playstore","flutterwave",4
"273",2019-10-03,"Playstore","flutterwave",5
"274",2019-10-04,"Playstore","flutterwave",2
"275",2019-10-05,"Playstore","flutterwave",1
"276",2019-10-06,"Playstore","flutterwave",1
"277",2019-10-07,"Playstore","flutterwave",2
"278",2019-10-08,"Playstore","flutterwave",1
"279",2019-10-09,"Playstore","flutterwave",3
"280",2019-10-12,"Playstore","flutterwave",3
"281",2019-10-15,"Playstore","flutterwave",1
"282",2019-10-16,"Playstore","flutterwave",2
"283",2019-10-17,"Playstore","flutterwave",1
"284",2019-10-18,"Playstore","flutterwave",1
"285",2019-10-19,"Playstore","flutterwave",5
"286",2019-10-20,"Playstore","flutterwave",2
"287",2019-10-21,"Playstore","flutterwave",1
"288",2019-10-22,"Playstore","flutterwave",1
"289",2019-10-23,"Playstore","flutterwave",2
"290",2019-10-24,"Playstore","flutterwave",5
"291",2019-10-25,"Playstore","flutterwave",1
"292",2019-10-27,"Playstore","flutterwave",2
"293",2019-10-29,"Playstore","flutterwave",3
"294",2019-10-30,"Playstore","flutterwave",2
"295",2019-10-31,"Playstore","flutterwave",1
"296",2019-11-01,"Playstore","flutterwave",2
"297",2019-11-02,"Playstore","flutterwave",2
"298",2019-11-03,"Playstore","flutterwave",3
"299",2019-11-07,"Playstore","flutterwave",5
"300",2019-11-08,"Playstore","flutterwave",1
"301",2019-11-09,"Playstore","flutterwave",2
"302",2019-11-12,"Playstore","flutterwave",1
"303",2019-11-13,"Playstore","flutterwave",1
"304",2019-11-14,"Playstore","flutterwave",2
"305",2019-11-15,"Playstore","flutterwave",3
"306",2019-11-16,"AppStore","flutterwave",1
"307",2019-11-16,"Playstore","flutterwave",1
"308",2019-11-17,"Playstore","flutterwave",1
"309",2019-11-19,"Playstore","flutterwave",2
"310",2019-11-20,"Playstore","flutterwave",1
"311",2019-11-21,"Playstore","flutterwave",5
"312",2019-11-22,"Playstore","flutterwave",4
"313",2019-11-23,"Playstore","flutterwave",2
"314",2019-11-24,"Playstore","flutterwave",2
"315",2019-11-25,"Playstore","flutterwave",3
"316",2019-11-26,"Playstore","flutterwave",2
"317",2019-11-27,"Playstore","flutterwave",1
"318",2019-11-28,"Playstore","flutterwave",1
"319",2019-11-29,"AppStore","flutterwave",1
"320",2019-11-29,"Playstore","flutterwave",1
"321",2019-11-30,"Playstore","flutterwave",1
"322",2019-12-01,"AppStore","flutterwave",1
"323",2019-12-01,"Playstore","flutterwave",4
"324",2019-12-02,"Playstore","flutterwave",1
"325",2019-12-03,"Playstore","flutterwave",1
"326",2019-12-04,"Playstore","flutterwave",3
"327",2019-12-05,"Playstore","flutterwave",2
"328",2019-12-06,"Playstore","flutterwave",4
"329",2019-12-08,"Playstore","flutterwave",1
"330",2019-12-09,"AppStore","flutterwave",1
"331",2019-12-09,"Playstore","flutterwave",5
"332",2019-12-10,"Playstore","flutterwave",4
"333",2019-12-13,"Playstore","flutterwave",1
"334",2019-12-15,"Playstore","flutterwave",1
"335",2019-12-16,"Playstore","flutterwave",1
"336",2019-12-17,"Playstore","flutterwave",2
"337",2019-12-19,"Playstore","flutterwave",4
"338",2019-12-20,"Playstore","flutterwave",2
"339",2019-12-21,"Playstore","flutterwave",1
"340",2019-12-23,"Playstore","flutterwave",2
"341",2019-12-24,"Playstore","flutterwave",1
"342",2019-12-25,"Playstore","flutterwave",2
"343",2019-12-26,"AppStore","flutterwave",1
"344",2019-12-27,"Playstore","flutterwave",3
"345",2019-12-28,"Playstore","flutterwave",3
"346",2019-12-29,"Playstore","flutterwave",3
"347",2019-12-30,"Playstore","flutterwave",1
"348",2019-12-31,"Playstore","flutterwave",3
"349",2020-01-01,"Playstore","flutterwave",3
"350",2020-01-03,"Playstore","flutterwave",3
"351",2020-01-04,"Playstore","flutterwave",1
"352",2020-01-05,"Playstore","flutterwave",2
"353",2020-01-06,"Playstore","flutterwave",1
"354",2020-01-07,"Playstore","flutterwave",1
"355",2020-01-10,"Playstore","flutterwave",1
"356",2020-01-11,"Playstore","flutterwave",1
"357",2020-01-12,"Playstore","flutterwave",1
"358",2020-01-13,"AppStore","flutterwave",1
"359",2020-01-13,"Playstore","flutterwave",2
"360",2020-01-14,"Playstore","flutterwave",1
"361",2020-01-15,"Playstore","flutterwave",2
"362",2020-01-16,"Playstore","flutterwave",2
"363",2020-01-17,"Playstore","flutterwave",4
"364",2020-01-21,"Playstore","flutterwave",1
"365",2020-01-23,"Playstore","flutterwave",2
"366",2020-01-24,"Playstore","flutterwave",2
"367",2020-01-26,"Playstore","flutterwave",1
"368",2020-01-28,"Playstore","flutterwave",1
"369",2020-01-29,"Playstore","flutterwave",1
"370",2020-01-30,"Playstore","flutterwave",1
"371",2020-01-31,"Playstore","flutterwave",1
"372",2020-02-01,"Playstore","flutterwave",1
"373",2020-02-02,"Playstore","flutterwave",1
"374",2020-02-03,"Playstore","flutterwave",2
"375",2020-02-04,"Playstore","flutterwave",2
"376",2020-02-05,"Playstore","flutterwave",4
"377",2020-02-06,"Playstore","flutterwave",1
"378",2020-02-07,"Playstore","flutterwave",3
"379",2020-02-08,"Playstore","flutterwave",2
"380",2020-02-12,"Playstore","flutterwave",2
"381",2020-02-13,"Playstore","flutterwave",2
"382",2020-02-14,"Playstore","flutterwave",4
"383",2020-02-16,"Playstore","flutterwave",1
"384",2020-02-17,"Playstore","flutterwave",2
"385",2020-02-18,"Playstore","flutterwave",2
"386",2020-02-19,"Playstore","flutterwave",3
"387",2020-02-20,"Playstore","flutterwave",2
"388",2020-02-22,"Playstore","flutterwave",2
"389",2020-02-23,"Playstore","flutterwave",1
"390",2020-02-24,"Playstore","flutterwave",3
"391",2020-02-25,"Playstore","flutterwave",2
"392",2020-02-26,"Playstore","flutterwave",1
"393",2020-02-27,"Playstore","flutterwave",4
"394",2020-02-28,"Playstore","flutterwave",3
"395",2020-02-29,"Playstore","flutterwave",2
"396",2020-03-01,"Playstore","flutterwave",1
"397",2020-03-02,"Playstore","flutterwave",3
"398",2020-03-03,"Playstore","flutterwave",3
"399",2020-03-04,"AppStore","flutterwave",1
"400",2020-03-04,"Playstore","flutterwave",1
"401",2020-03-05,"Playstore","flutterwave",2
"402",2020-03-06,"Playstore","flutterwave",1
"403",2020-03-09,"Playstore","flutterwave",1
"404",2020-03-10,"Playstore","flutterwave",2
"405",2020-03-11,"Playstore","flutterwave",2
"406",2020-03-12,"Playstore","flutterwave",3
"407",2020-03-14,"Playstore","flutterwave",2
"408",2020-03-15,"Playstore","flutterwave",2
"409",2020-03-16,"Playstore","flutterwave",1
"410",2020-03-17,"Playstore","flutterwave",3
"411",2020-03-18,"Playstore","flutterwave",4
"412",2020-03-19,"Playstore","flutterwave",1
"413",2020-03-21,"AppStore","flutterwave",1
"414",2020-03-21,"Playstore","flutterwave",2
"415",2020-03-23,"Playstore","flutterwave",1
"416",2020-03-24,"Playstore","flutterwave",1
"417",2020-03-25,"Playstore","flutterwave",1
"418",2020-03-26,"Playstore","flutterwave",2
"419",2020-03-27,"Playstore","flutterwave",4
"420",2020-03-28,"Playstore","flutterwave",4
"421",2020-03-30,"Playstore","flutterwave",3
"422",2020-03-31,"Playstore","flutterwave",2
"423",2020-04-01,"AppStore","flutterwave",1
"424",2020-04-01,"Playstore","flutterwave",2
"425",2020-04-02,"Playstore","flutterwave",1
"426",2020-04-04,"Playstore","flutterwave",5
"427",2020-04-06,"AppStore","flutterwave",1
"428",2020-04-07,"Playstore","flutterwave",3
"429",2020-04-08,"Playstore","flutterwave",4
"430",2020-04-09,"AppStore","flutterwave",1
"431",2020-04-09,"Playstore","flutterwave",4
"432",2020-04-10,"Playstore","flutterwave",4
"433",2020-04-11,"Playstore","flutterwave",3
"434",2020-04-12,"Playstore","flutterwave",1
"435",2020-04-13,"Playstore","flutterwave",6
"436",2020-04-14,"Playstore","flutterwave",2
"437",2020-04-15,"Playstore","flutterwave",4
"438",2020-04-16,"Playstore","flutterwave",1
"439",2020-04-17,"Playstore","flutterwave",1
"440",2020-04-18,"Playstore","flutterwave",3
"441",2020-04-19,"Playstore","flutterwave",2
"442",2020-04-20,"Playstore","flutterwave",5
"443",2020-04-22,"Playstore","flutterwave",3
"444",2020-04-23,"Playstore","flutterwave",3
"445",2020-04-24,"Playstore","flutterwave",5
"446",2020-04-25,"Playstore","flutterwave",2
"447",2020-04-26,"Playstore","flutterwave",2
"448",2020-04-27,"Playstore","flutterwave",6
"449",2020-04-28,"Playstore","flutterwave",3
"450",2020-04-29,"Playstore","flutterwave",4
"451",2020-04-30,"Playstore","flutterwave",4
"452",2020-05-01,"Playstore","flutterwave",6
"453",2020-05-02,"Playstore","flutterwave",3
"454",2020-05-03,"Playstore","flutterwave",7
"455",2020-05-04,"Playstore","flutterwave",6
"456",2020-05-05,"Playstore","flutterwave",7
"457",2020-05-06,"Playstore","flutterwave",11
"458",2020-05-07,"Playstore","flutterwave",9
"459",2020-05-08,"Playstore","flutterwave",3
"460",2020-05-09,"Playstore","flutterwave",6
"461",2020-05-10,"Playstore","flutterwave",7
"462",2020-05-11,"Playstore","flutterwave",6
"463",2020-05-12,"Playstore","flutterwave",7
"464",2020-05-13,"Playstore","flutterwave",7
"465",2020-05-14,"Playstore","flutterwave",7
"466",2020-05-15,"Playstore","flutterwave",10
"467",2020-05-16,"Playstore","flutterwave",10
"468",2020-05-17,"Playstore","flutterwave",4
"469",2020-05-18,"Playstore","flutterwave",10
"470",2020-05-19,"Playstore","flutterwave",6
"471",2020-05-20,"Playstore","flutterwave",14
"472",2020-05-21,"Playstore","flutterwave",8
"473",2020-05-22,"Playstore","flutterwave",4
"474",2020-05-23,"Playstore","flutterwave",6
"475",2020-05-24,"Playstore","flutterwave",5
"476",2020-05-25,"Playstore","flutterwave",8
"477",2020-05-26,"Playstore","flutterwave",6
"478",2020-05-28,"Playstore","flutterwave",3
"479",2020-05-29,"Playstore","flutterwave",11
"480",2020-05-30,"Playstore","flutterwave",8
"481",2020-05-31,"Playstore","flutterwave",5
"482",2020-06-01,"AppStore","flutterwave",1
"483",2020-06-01,"Playstore","flutterwave",5
"484",2020-06-02,"Playstore","flutterwave",7
"485",2020-06-03,"Playstore","flutterwave",7
"486",2020-06-04,"Playstore","flutterwave",10
"487",2020-06-05,"Playstore","flutterwave",13
"488",2020-06-06,"Playstore","flutterwave",3
"489",2020-06-07,"Playstore","flutterwave",3
"490",2020-06-08,"Playstore","flutterwave",8
"491",2020-06-09,"AppStore","flutterwave",1
"492",2020-06-09,"Playstore","flutterwave",5
"493",2020-06-10,"Playstore","flutterwave",10
"494",2020-06-11,"Playstore","flutterwave",7
"495",2020-06-12,"Playstore","flutterwave",9
"496",2020-06-13,"Playstore","flutterwave",7
"497",2020-06-14,"Playstore","flutterwave",2
"498",2020-06-15,"Playstore","flutterwave",16
"499",2020-06-16,"Playstore","flutterwave",5
"500",2020-06-17,"AppStore","flutterwave",2
"501",2020-06-17,"Playstore","flutterwave",6
"502",2020-06-18,"AppStore","flutterwave",1
"503",2020-06-18,"Playstore","flutterwave",7
"504",2020-06-19,"Playstore","flutterwave",8
"505",2020-06-20,"AppStore","flutterwave",1
"506",2020-06-20,"Playstore","flutterwave",8
"507",2020-06-21,"Playstore","flutterwave",3
"508",2020-06-22,"Playstore","flutterwave",11
"509",2020-06-23,"Playstore","flutterwave",13
"510",2020-06-24,"Playstore","flutterwave",11
"511",2020-06-25,"Playstore","flutterwave",4
"512",2020-06-26,"Playstore","flutterwave",4
"513",2020-06-27,"Playstore","flutterwave",6
"514",2020-06-28,"Playstore","flutterwave",8
"515",2020-06-29,"Playstore","flutterwave",7
"516",2020-06-30,"Playstore","flutterwave",5
"517",2020-07-01,"Playstore","flutterwave",10
"518",2020-07-02,"Playstore","flutterwave",10
"519",2020-07-03,"Playstore","flutterwave",11
"520",2020-07-04,"Playstore","flutterwave",10
"521",2020-07-05,"Playstore","flutterwave",6
"522",2020-07-06,"Playstore","flutterwave",8
"523",2020-07-07,"Playstore","flutterwave",9
"524",2020-07-08,"Playstore","flutterwave",17
"525",2020-07-09,"Playstore","flutterwave",4
"526",2020-07-10,"Playstore","flutterwave",4
"527",2020-07-11,"Playstore","flutterwave",4
"528",2020-07-12,"Playstore","flutterwave",3
"529",2020-07-13,"Playstore","flutterwave",6
"530",2020-07-14,"AppStore","flutterwave",1
"531",2020-07-14,"Playstore","flutterwave",8
"532",2020-07-15,"Playstore","flutterwave",8
"533",2020-07-16,"Playstore","flutterwave",2
"534",2020-07-17,"Playstore","flutterwave",4
"535",2020-07-18,"Playstore","flutterwave",5
"536",2020-07-19,"Playstore","flutterwave",6
"537",2020-07-20,"Playstore","flutterwave",3
"538",2020-07-21,"AppStore","flutterwave",1
"539",2020-07-21,"Playstore","flutterwave",7
"540",2020-07-22,"Playstore","flutterwave",7
"541",2020-07-23,"Playstore","flutterwave",6
"542",2020-07-24,"AppStore","flutterwave",1
"543",2020-07-24,"Playstore","flutterwave",4
"544",2020-07-25,"Playstore","flutterwave",9
"545",2020-07-26,"Playstore","flutterwave",6
"546",2020-07-27,"Playstore","flutterwave",3
"547",2020-07-28,"Playstore","flutterwave",5
"548",2020-07-29,"Playstore","flutterwave",6
"549",2020-07-30,"Playstore","flutterwave",12
"550",2020-07-31,"Playstore","flutterwave",8
"551",2020-08-01,"Playstore","flutterwave",4
"552",2020-08-02,"Playstore","flutterwave",13
"553",2020-08-03,"Playstore","flutterwave",8
"554",2020-08-04,"Playstore","flutterwave",6
"555",2020-08-05,"Playstore","flutterwave",11
"556",2020-08-06,"Playstore","flutterwave",6
"557",2020-08-07,"Playstore","flutterwave",8
"558",2020-08-08,"Playstore","flutterwave",13
"559",2020-08-09,"Playstore","flutterwave",8
"560",2020-08-10,"Playstore","flutterwave",9
"561",2020-08-11,"Playstore","flutterwave",5
"562",2020-08-12,"AppStore","flutterwave",1
"563",2020-08-12,"Playstore","flutterwave",8
"564",2020-08-13,"Playstore","flutterwave",9
"565",2020-08-14,"Playstore","flutterwave",6
"566",2020-08-15,"Playstore","flutterwave",7
"567",2020-08-16,"Playstore","flutterwave",10
"568",2020-08-17,"Playstore","flutterwave",11
"569",2020-08-18,"Playstore","flutterwave",16
"570",2020-08-19,"Playstore","flutterwave",8
"571",2020-08-20,"AppStore","flutterwave",2
"572",2020-08-20,"Playstore","flutterwave",11
"573",2020-08-21,"Playstore","flutterwave",13
"574",2020-08-22,"Playstore","flutterwave",11
"575",2020-08-23,"Playstore","flutterwave",4
"576",2020-08-24,"Playstore","flutterwave",6
"577",2020-08-25,"AppStore","flutterwave",1
"578",2020-08-25,"Playstore","flutterwave",9
"579",2020-08-26,"Playstore","flutterwave",6
"580",2020-08-27,"Playstore","flutterwave",7
"581",2020-08-28,"Playstore","flutterwave",6
"582",2020-08-29,"Playstore","flutterwave",10
"583",2020-08-30,"Playstore","flutterwave",5
"584",2020-08-31,"Playstore","flutterwave",9
"585",2020-09-01,"Playstore","flutterwave",12
"586",2020-09-02,"AppStore","flutterwave",1
"587",2020-09-02,"Playstore","flutterwave",10
"588",2020-09-03,"Playstore","flutterwave",10
"589",2020-09-04,"Playstore","flutterwave",9
"590",2020-09-05,"Playstore","flutterwave",7
"591",2020-09-06,"Playstore","flutterwave",5
"592",2020-09-07,"Playstore","flutterwave",8
"593",2020-09-08,"Playstore","flutterwave",3
"594",2020-09-09,"Playstore","flutterwave",12
"595",2020-09-10,"Playstore","flutterwave",8
"596",2020-09-11,"Playstore","flutterwave",4
"597",2020-09-12,"Playstore","flutterwave",4
"598",2020-09-13,"Playstore","flutterwave",11
"599",2020-09-14,"Playstore","flutterwave",7
"600",2020-09-15,"Playstore","flutterwave",8
"601",2020-09-16,"AppStore","flutterwave",1
"602",2020-09-16,"Playstore","abeg",6
"603",2020-09-16,"Playstore","flutterwave",6
"604",2020-09-17,"Playstore","abeg",7
"605",2020-09-17,"Playstore","flutterwave",8
"606",2020-09-18,"Playstore","abeg",1
"607",2020-09-18,"Playstore","flutterwave",5
"608",2020-09-19,"Playstore","abeg",2
"609",2020-09-19,"Playstore","flutterwave",5
"610",2020-09-20,"Playstore","abeg",2
"611",2020-09-20,"Playstore","flutterwave",3
"612",2020-09-21,"Playstore","abeg",3
"613",2020-09-21,"Playstore","flutterwave",4
"614",2020-09-22,"Playstore","abeg",9
"615",2020-09-22,"Playstore","flutterwave",6
"616",2020-09-23,"Playstore","abeg",10
"617",2020-09-23,"Playstore","flutterwave",7
"618",2020-09-24,"Playstore","abeg",6
"619",2020-09-24,"Playstore","flutterwave",5
"620",2020-09-25,"Playstore","abeg",25
"621",2020-09-25,"Playstore","flutterwave",8
"622",2020-09-26,"Playstore","abeg",9
"623",2020-09-26,"Playstore","flutterwave",5
"624",2020-09-27,"Playstore","abeg",2
"625",2020-09-27,"Playstore","flutterwave",10
"626",2020-09-28,"Playstore","abeg",2
"627",2020-09-28,"Playstore","flutterwave",9
"628",2020-09-29,"Playstore","abeg",1
"629",2020-09-29,"Playstore","flutterwave",9
"630",2020-09-30,"Playstore","abeg",1
"631",2020-09-30,"Playstore","flutterwave",1
"632",2020-10-01,"Playstore","flutterwave",6
"633",2020-10-02,"Playstore","abeg",1
"634",2020-10-02,"Playstore","flutterwave",9
"635",2020-10-03,"Playstore","flutterwave",2
"636",2020-10-04,"Playstore","abeg",2
"637",2020-10-04,"Playstore","flutterwave",2
"638",2020-10-05,"Playstore","abeg",1
"639",2020-10-05,"Playstore","flutterwave",9
"640",2020-10-06,"Playstore","flutterwave",8
"641",2020-10-07,"Playstore","flutterwave",5
"642",2020-10-08,"Playstore","flutterwave",4
"643",2020-10-09,"Playstore","flutterwave",2
"644",2020-10-10,"Playstore","flutterwave",2
"645",2020-10-11,"Playstore","abeg",1
"646",2020-10-11,"Playstore","flutterwave",4
"647",2020-10-12,"Playstore","abeg",1
"648",2020-10-12,"Playstore","flutterwave",5
"649",2020-10-13,"Playstore","abeg",1
"650",2020-10-13,"Playstore","flutterwave",35
"651",2020-10-14,"Playstore","abeg",1
"652",2020-10-14,"Playstore","flutterwave",13
"653",2020-10-15,"Playstore","flutterwave",11
"654",2020-10-16,"Playstore","abeg",1
"655",2020-10-16,"Playstore","flutterwave",1
"656",2020-10-17,"Playstore","flutterwave",4
"657",2020-10-18,"Playstore","flutterwave",4
"658",2020-10-19,"Playstore","flutterwave",3
"659",2020-10-20,"Playstore","flutterwave",3
"660",2020-10-21,"Playstore","flutterwave",5
"661",2020-10-22,"Playstore","flutterwave",9
"662",2020-10-23,"Playstore","flutterwave",9
"663",2020-10-24,"Playstore","flutterwave",3
"664",2020-10-25,"Playstore","flutterwave",3
"665",2020-10-26,"Playstore","flutterwave",7
"666",2020-10-27,"Playstore","flutterwave",6
"667",2020-10-28,"Playstore","abeg",1
"668",2020-10-28,"Playstore","flutterwave",1
"669",2020-10-29,"Playstore","abeg",1
"670",2020-10-29,"Playstore","flutterwave",3
"671",2020-10-30,"Playstore","flutterwave",6
"672",2020-10-31,"Playstore","abeg",2
"673",2020-10-31,"Playstore","flutterwave",11
"674",2020-11-01,"Playstore","flutterwave",3
"675",2020-11-02,"Playstore","flutterwave",6
"676",2020-11-03,"Playstore","flutterwave",7
"677",2020-11-04,"Playstore","abeg",1
"678",2020-11-04,"Playstore","flutterwave",3
"679",2020-11-05,"AppStore","flutterwave",1
"680",2020-11-05,"Playstore","abeg",3
"681",2020-11-05,"Playstore","flutterwave",5
"682",2020-11-06,"Playstore","flutterwave",6
"683",2020-11-07,"Playstore","flutterwave",4
"684",2020-11-08,"Playstore","flutterwave",2
"685",2020-11-09,"Playstore","flutterwave",5
"686",2020-11-10,"Playstore","flutterwave",3
"687",2020-11-11,"Playstore","flutterwave",5
"688",2020-11-12,"Playstore","abeg",1
"689",2020-11-12,"Playstore","flutterwave",7
"690",2020-11-13,"AppStore","flutterwave",1
"691",2020-11-13,"Playstore","flutterwave",6
"692",2020-11-14,"Playstore","flutterwave",1
"693",2020-11-15,"Playstore","flutterwave",5
"694",2020-11-16,"Playstore","flutterwave",6
"695",2020-11-17,"Playstore","flutterwave",2
"696",2020-11-18,"Playstore","abeg",1
"697",2020-11-18,"Playstore","flutterwave",6
"698",2020-11-19,"Playstore","flutterwave",9
"699",2020-11-20,"Playstore","flutterwave",4
"700",2020-11-21,"Playstore","flutterwave",9
"701",2020-11-22,"Playstore","flutterwave",7
"702",2020-11-23,"Playstore","flutterwave",7
"703",2020-11-24,"Playstore","flutterwave",4
"704",2020-11-25,"Playstore","flutterwave",4
"705",2020-11-26,"Playstore","flutterwave",7
"706",2020-11-27,"Playstore","flutterwave",6
"707",2020-11-28,"Playstore","flutterwave",4
"708",2020-11-29,"Playstore","flutterwave",4
"709",2020-11-30,"AppStore","flutterwave",1
"710",2020-11-30,"Playstore","flutterwave",8
"711",2020-12-01,"Playstore","flutterwave",6
"712",2020-12-02,"Playstore","flutterwave",3
"713",2020-12-03,"AppStore","flutterwave",1
"714",2020-12-03,"Playstore","flutterwave",12
"715",2020-12-04,"Playstore","flutterwave",6
"716",2020-12-05,"Playstore","abeg",1
"717",2020-12-05,"Playstore","flutterwave",7
"718",2020-12-06,"Playstore","flutterwave",7
"719",2020-12-07,"Playstore","flutterwave",2
"720",2020-12-08,"Playstore","abeg",1
"721",2020-12-08,"Playstore","flutterwave",11
"722",2020-12-09,"Playstore","abeg",1
"723",2020-12-09,"Playstore","flutterwave",3
"724",2020-12-10,"AppStore","flutterwave",1
"725",2020-12-10,"Playstore","flutterwave",12
"726",2020-12-11,"Playstore","flutterwave",9
"727",2020-12-12,"Playstore","flutterwave",7
"728",2020-12-13,"Playstore","abeg",1
"729",2020-12-13,"Playstore","flutterwave",3
"730",2020-12-14,"Playstore","abeg",1
"731",2020-12-14,"Playstore","flutterwave",8
"732",2020-12-15,"Playstore","abeg",2
"733",2020-12-15,"Playstore","flutterwave",15
"734",2020-12-16,"Playstore","abeg",1
"735",2020-12-16,"Playstore","flutterwave",7
"736",2020-12-17,"AppStore","flutterwave",1
"737",2020-12-17,"Playstore","abeg",2
"738",2020-12-17,"Playstore","flutterwave",6
"739",2020-12-18,"Playstore","flutterwave",5
"740",2020-12-19,"AppStore","flutterwave",1
"741",2020-12-19,"Playstore","flutterwave",8
"742",2020-12-20,"Playstore","abeg",1
"743",2020-12-20,"Playstore","flutterwave",8
"744",2020-12-21,"Playstore","flutterwave",12
"745",2020-12-22,"Playstore","flutterwave",4
"746",2020-12-23,"Playstore","abeg",1
"747",2020-12-23,"Playstore","flutterwave",8
"748",2020-12-24,"AppStore","flutterwave",1
"749",2020-12-24,"Playstore","abeg",1
"750",2020-12-24,"Playstore","flutterwave",3
"751",2020-12-25,"Playstore","abeg",5
"752",2020-12-25,"Playstore","flutterwave",10
"753",2020-12-26,"Playstore","abeg",1
"754",2020-12-26,"Playstore","flutterwave",5
"755",2020-12-27,"Playstore","flutterwave",3
"756",2020-12-28,"Playstore","flutterwave",1
"757",2020-12-29,"Playstore","abeg",1
"758",2020-12-29,"Playstore","flutterwave",10
"759",2020-12-30,"Playstore","flutterwave",7
"760",2020-12-31,"Playstore","flutterwave",8
"761",2021-01-01,"Playstore","abeg",1
"762",2021-01-01,"Playstore","flutterwave",7
"763",2021-01-02,"Playstore","flutterwave",6
"764",2021-01-03,"Playstore","flutterwave",16
"765",2021-01-04,"AppStore","flutterwave",1
"766",2021-01-04,"Playstore","flutterwave",7
"767",2021-01-05,"Playstore","flutterwave",6
"768",2021-01-06,"AppStore","flutterwave",1
"769",2021-01-06,"Playstore","flutterwave",17
"770",2021-01-07,"Playstore","flutterwave",14
"771",2021-01-08,"Playstore","flutterwave",9
"772",2021-01-09,"Playstore","flutterwave",4
"773",2021-01-10,"Playstore","flutterwave",4
"774",2021-01-11,"Playstore","flutterwave",12
"775",2021-01-12,"Playstore","flutterwave",6
"776",2021-01-13,"Playstore","flutterwave",9
"777",2021-01-14,"Playstore","flutterwave",10
"778",2021-01-15,"Playstore","flutterwave",6
"779",2021-01-16,"Playstore","flutterwave",11
"780",2021-01-17,"Playstore","flutterwave",4
"781",2021-01-18,"Playstore","flutterwave",13
"782",2021-01-19,"Playstore","flutterwave",9
"783",2021-01-20,"Playstore","flutterwave",4
"784",2021-01-21,"Playstore","abeg",1
"785",2021-01-21,"Playstore","flutterwave",8
"786",2021-01-22,"Playstore","flutterwave",10
"787",2021-01-23,"Playstore","flutterwave",13
"788",2021-01-24,"Playstore","flutterwave",12
"789",2021-01-25,"Playstore","flutterwave",18
"790",2021-01-26,"Playstore","flutterwave",8
"791",2021-01-27,"Playstore","flutterwave",7
"792",2021-01-28,"Playstore","flutterwave",12
"793",2021-01-29,"AppStore","flutterwave",1
"794",2021-01-29,"Playstore","flutterwave",8
"795",2021-01-30,"Playstore","flutterwave",12
"796",2021-01-31,"Playstore","flutterwave",14
"797",2021-02-01,"Playstore","flutterwave",10
"798",2021-02-02,"Playstore","flutterwave",15
"799",2021-02-03,"Playstore","flutterwave",12
"800",2021-02-04,"Playstore","flutterwave",14
"801",2021-02-05,"Playstore","flutterwave",18
"802",2021-02-06,"Playstore","flutterwave",15
"803",2021-02-07,"Playstore","flutterwave",6
"804",2021-02-08,"Playstore","flutterwave",5
"805",2021-02-09,"Playstore","flutterwave",11
"806",2021-02-10,"Playstore","flutterwave",14
"807",2021-02-11,"Playstore","flutterwave",15
"808",2021-02-12,"Playstore","flutterwave",11
"809",2021-02-13,"Playstore","flutterwave",11
"810",2021-02-14,"Playstore","flutterwave",10
"811",2021-02-15,"Playstore","flutterwave",11
"812",2021-02-16,"Playstore","flutterwave",8
"813",2021-02-17,"AppStore","flutterwave",1
"814",2021-02-17,"Playstore","flutterwave",11
"815",2021-02-18,"AppStore","flutterwave",1
"816",2021-02-18,"Playstore","flutterwave",8
"817",2021-02-19,"AppStore","abeg",2
"818",2021-02-19,"Playstore","flutterwave",12
"819",2021-02-20,"Playstore","abeg",1
"820",2021-02-20,"Playstore","flutterwave",13
"821",2021-02-21,"Playstore","flutterwave",7
"822",2021-02-22,"Playstore","abeg",1
"823",2021-02-22,"Playstore","flutterwave",10
"824",2021-02-23,"Playstore","flutterwave",10
"825",2021-02-24,"Playstore","flutterwave",16
"826",2021-02-25,"Playstore","abeg",1
"827",2021-02-25,"Playstore","flutterwave",15
"828",2021-02-26,"Playstore","flutterwave",12
"829",2021-02-27,"Playstore","abeg",1
"830",2021-02-27,"Playstore","flutterwave",6
"831",2021-02-28,"AppStore","flutterwave",1
"832",2021-02-28,"Playstore","flutterwave",7
"833",2021-03-01,"Playstore","flutterwave",5
"834",2021-03-02,"AppStore","flutterwave",1
"835",2021-03-02,"Playstore","flutterwave",7
"836",2021-03-03,"Playstore","flutterwave",8
"837",2021-03-04,"Playstore","flutterwave",4
"838",2021-03-05,"Playstore","flutterwave",4
"839",2021-03-06,"AppStore","flutterwave",1
"840",2021-03-06,"Playstore","flutterwave",4
"841",2021-03-07,"Playstore","flutterwave",4
"842",2021-03-08,"Playstore","flutterwave",9
"843",2021-03-09,"Playstore","flutterwave",7
"844",2021-03-10,"Playstore","flutterwave",41
"845",2021-03-11,"Playstore","flutterwave",25
"846",2021-03-12,"Playstore","flutterwave",13
"847",2021-03-13,"Playstore","abeg",1
"848",2021-03-13,"Playstore","flutterwave",8
"849",2021-03-14,"Playstore","flutterwave",11
"850",2021-03-15,"Playstore","flutterwave",10
"851",2021-03-16,"Playstore","flutterwave",11
"852",2021-03-17,"Playstore","flutterwave",7
"853",2021-03-18,"Playstore","flutterwave",8
"854",2021-03-19,"Playstore","abeg",1
"855",2021-03-19,"Playstore","flutterwave",6
"856",2021-03-20,"Playstore","flutterwave",9
"857",2021-03-21,"Playstore","flutterwave",9
"858",2021-03-22,"Playstore","flutterwave",2
"859",2021-03-23,"Playstore","flutterwave",5
"860",2021-03-24,"Playstore","flutterwave",4
"861",2021-03-25,"AppStore","flutterwave",1
"862",2021-03-25,"Playstore","flutterwave",8
"863",2021-03-26,"Playstore","flutterwave",4
"864",2021-03-27,"Playstore","abeg",1
"865",2021-03-27,"Playstore","flutterwave",4
"866",2021-03-28,"Playstore","flutterwave",6
"867",2021-03-29,"AppStore","flutterwave",1
"868",2021-03-29,"Playstore","flutterwave",2
"869",2021-03-30,"Playstore","flutterwave",7
"870",2021-03-31,"Playstore","abeg",1
"871",2021-03-31,"Playstore","flutterwave",4
"872",2021-04-01,"Playstore","flutterwave",5
"873",2021-04-02,"Playstore","flutterwave",9
"874",2021-04-03,"AppStore","flutterwave",1
"875",2021-04-03,"Playstore","flutterwave",6
"876",2021-04-04,"Playstore","flutterwave",7
"877",2021-04-05,"Playstore","flutterwave",6
"878",2021-04-06,"Playstore","flutterwave",5
"879",2021-04-07,"Playstore","flutterwave",5
"880",2021-04-08,"Playstore","flutterwave",9
"881",2021-04-09,"AppStore","flutterwave",2
"882",2021-04-09,"Playstore","flutterwave",7
"883",2021-04-10,"Playstore","flutterwave",6
"884",2021-04-11,"AppStore","abeg",1
"885",2021-04-11,"Playstore","flutterwave",3
"886",2021-04-12,"Playstore","flutterwave",7
"887",2021-04-13,"Playstore","flutterwave",6
"888",2021-04-14,"Playstore","abeg",1
"889",2021-04-14,"Playstore","flutterwave",5
"890",2021-04-15,"Playstore","flutterwave",5
"891",2021-04-16,"Playstore","flutterwave",5
"892",2021-04-17,"Playstore","flutterwave",2
"893",2021-04-18,"AppStore","abeg",2
"894",2021-04-18,"Playstore","flutterwave",2
"895",2021-04-19,"Playstore","flutterwave",3
"896",2021-04-20,"Playstore","flutterwave",2
"897",2021-04-21,"Playstore","flutterwave",5
"898",2021-04-22,"Playstore","abeg",1
"899",2021-04-22,"Playstore","flutterwave",3
"900",2021-04-23,"Playstore","flutterwave",7
"901",2021-04-24,"Playstore","flutterwave",5
"902",2021-04-25,"Playstore","abeg",1
"903",2021-04-25,"Playstore","flutterwave",1
"904",2021-04-26,"AppStore","abeg",1
"905",2021-04-26,"Playstore","abeg",1
"906",2021-04-26,"Playstore","flutterwave",6
"907",2021-04-27,"Playstore","abeg",1
"908",2021-04-27,"Playstore","flutterwave",9
"909",2021-04-28,"Playstore","abeg",1
"910",2021-04-28,"Playstore","flutterwave",2
"911",2021-04-29,"Playstore","abeg",2
"912",2021-04-29,"Playstore","flutterwave",3
"913",2021-04-30,"Playstore","flutterwave",7
"914",2021-05-01,"Playstore","abeg",1
"915",2021-05-01,"Playstore","flutterwave",1
"916",2021-05-02,"Playstore","flutterwave",4
"917",2021-05-03,"Playstore","flutterwave",5
"918",2021-05-04,"AppStore","flutterwave",1
"919",2021-05-04,"Playstore","flutterwave",5
"920",2021-05-05,"Playstore","flutterwave",1
"921",2021-05-06,"Playstore","abeg",1
"922",2021-05-06,"Playstore","flutterwave",7
"923",2021-05-07,"AppStore","flutterwave",1
"924",2021-05-07,"Playstore","flutterwave",2
"925",2021-05-08,"Playstore","abeg",1
"926",2021-05-08,"Playstore","flutterwave",11
"927",2021-05-09,"Playstore","flutterwave",4
"928",2021-05-10,"Playstore","flutterwave",6
"929",2021-05-11,"Playstore","flutterwave",3
"930",2021-05-12,"Playstore","flutterwave",2
"931",2021-05-13,"Playstore","flutterwave",3
"932",2021-05-14,"Playstore","flutterwave",8
"933",2021-05-15,"Playstore","flutterwave",2
"934",2021-05-16,"Playstore","flutterwave",4
"935",2021-05-17,"Playstore","flutterwave",8
"936",2021-05-18,"Playstore","flutterwave",1
"937",2021-05-19,"Playstore","flutterwave",5
"938",2021-05-20,"Playstore","flutterwave",1
"939",2021-05-21,"Playstore","flutterwave",2
"940",2021-05-22,"Playstore","flutterwave",3
"941",2021-05-23,"Playstore","flutterwave",4
"942",2021-05-24,"Playstore","flutterwave",1
"943",2021-05-25,"Playstore","flutterwave",1
"944",2021-05-26,"Playstore","flutterwave",4
"945",2021-05-27,"Playstore","flutterwave",3
"946",2021-05-28,"Playstore","flutterwave",3
"947",2021-05-29,"Playstore","flutterwave",1
"948",2021-05-30,"Playstore","flutterwave",2
"949",2021-05-31,"Playstore","flutterwave",3
"950",2021-06-01,"Playstore","flutterwave",2
"951",2021-06-02,"Playstore","flutterwave",1
"952",2021-06-03,"Playstore","flutterwave",3
"953",2021-06-04,"Playstore","flutterwave",3
"954",2021-06-05,"Playstore","flutterwave",1
"955",2021-06-06,"Playstore","flutterwave",1
"956",2021-06-07,"AppStore","flutterwave",1
"957",2021-06-07,"Playstore","flutterwave",4
"958",2021-06-08,"Playstore","flutterwave",2
"959",2021-06-09,"Playstore","flutterwave",4
"960",2021-06-10,"AppStore","flutterwave",1
"961",2021-06-10,"Playstore","flutterwave",6
"962",2021-06-11,"Playstore","flutterwave",20
"963",2021-06-12,"Playstore","abeg",1
"964",2021-06-12,"Playstore","flutterwave",18
"965",2021-06-13,"Playstore","flutterwave",11
"966",2021-06-22,"Playstore","flutterwave",2
"967",2021-06-23,"Playstore","flutterwave",12
"968",2021-06-24,"Playstore","flutterwave",2
"969",2021-06-25,"AppStore","flutterwave",1
"970",2021-06-25,"Playstore","flutterwave",4
"971",2021-06-26,"Playstore","flutterwave",4
"972",2021-06-27,"Playstore","flutterwave",4
"973",2021-06-28,"Playstore","flutterwave",7
"974",2021-06-29,"Playstore","flutterwave",43
"975",2021-06-30,"Playstore","flutterwave",32
"976",2021-07-01,"Playstore","flutterwave",24
"977",2021-07-02,"Playstore","flutterwave",13
"978",2021-07-03,"Playstore","flutterwave",12
"979",2021-07-04,"Playstore","flutterwave",14
"980",2021-07-05,"Playstore","flutterwave",6
"981",2021-07-06,"AppStore","flutterwave",1
"982",2021-07-06,"Playstore","flutterwave",3
"983",2021-07-07,"Playstore","flutterwave",13
"984",2021-07-08,"Playstore","flutterwave",4
"985",2021-07-09,"Playstore","flutterwave",7
"986",2021-07-10,"Playstore","flutterwave",10
"987",2021-07-11,"Playstore","flutterwave",3
"988",2021-07-12,"Playstore","flutterwave",2
"989",2021-07-13,"Playstore","flutterwave",4
"990",2021-07-14,"Playstore","flutterwave",3
"991",2021-07-15,"Playstore","flutterwave",3
"992",2021-07-16,"Playstore","flutterwave",3
"993",2021-07-18,"Playstore","flutterwave",3
"994",2021-07-19,"Playstore","flutterwave",8
"995",2021-07-20,"Playstore","flutterwave",6
"996",2021-07-21,"Playstore","flutterwave",2
"997",2021-07-22,"AppStore","flutterwave",1
"998",2021-07-23,"Playstore","flutterwave",3
"999",2021-07-24,"Playstore","abeg",2
"1000",2021-07-24,"Playstore","flutterwave",2
"1001",2021-07-25,"AppStore","flutterwave",1
"1002",2021-07-25,"Playstore","abeg",5
"1003",2021-07-25,"Playstore","flutterwave",5
"1004",2021-07-26,"AppStore","abeg",5
"1005",2021-07-26,"Playstore","abeg",32
"1006",2021-07-26,"Playstore","flutterwave",3
"1007",2021-07-27,"Playstore","abeg",45
"1008",2021-07-27,"Playstore","flutterwave",2
"1009",2021-07-28,"AppStore","abeg",2
"1010",2021-07-28,"Playstore","abeg",27
"1011",2021-07-28,"Playstore","flutterwave",6
"1012",2021-07-29,"AppStore","abeg",2
"1013",2021-07-29,"Playstore","abeg",14
"1014",2021-07-29,"Playstore","flutterwave",7
"1015",2021-07-30,"AppStore","abeg",1
"1016",2021-07-30,"Playstore","abeg",12
"1017",2021-07-30,"Playstore","flutterwave",7
"1018",2021-07-31,"Playstore","abeg",15
"1019",2021-07-31,"Playstore","flutterwave",2
"1020",2021-08-01,"AppStore","abeg",8
"1021",2021-08-01,"Playstore","abeg",33
"1022",2021-08-02,"AppStore","abeg",3
"1023",2021-08-02,"Playstore","abeg",36
"1024",2021-08-02,"Playstore","flutterwave",3
"1025",2021-08-03,"AppStore","abeg",3
"1026",2021-08-03,"Playstore","abeg",41
"1027",2021-08-03,"Playstore","flutterwave",13
"1028",2021-08-04,"AppStore","abeg",5
"1029",2021-08-04,"Playstore","abeg",51
"1030",2021-08-04,"Playstore","flutterwave",6
"1031",2021-08-05,"Playstore","abeg",35
"1032",2021-08-05,"Playstore","flutterwave",5
"1033",2021-08-06,"Playstore","abeg",44
"1034",2021-08-06,"Playstore","flutterwave",2
"1035",2021-08-07,"Playstore","abeg",35
"1036",2021-08-07,"Playstore","flutterwave",3
"1037",2021-08-08,"AppStore","abeg",1
"1038",2021-08-08,"Playstore","abeg",73
"1039",2021-08-08,"Playstore","flutterwave",1
"1040",2021-08-09,"Playstore","abeg",87
"1041",2021-08-09,"Playstore","flutterwave",2
"1042",2021-08-10,"AppStore","abeg",2
"1043",2021-08-10,"Playstore","abeg",100
"1044",2021-08-10,"Playstore","flutterwave",3
"1045",2021-08-11,"AppStore","abeg",2
"1046",2021-08-11,"Playstore","abeg",69
"1047",2021-08-11,"Playstore","flutterwave",3
"1048",2021-08-12,"AppStore","abeg",3
"1049",2021-08-12,"Playstore","abeg",51
"1050",2021-08-12,"Playstore","flutterwave",1
"1051",2021-08-13,"AppStore","abeg",2
"1052",2021-08-13,"Playstore","abeg",58
"1053",2021-08-13,"Playstore","flutterwave",7
"1054",2021-08-14,"AppStore","abeg",2
"1055",2021-08-14,"Playstore","abeg",48
"1056",2021-08-14,"Playstore","flutterwave",1
"1057",2021-08-15,"AppStore","abeg",2
"1058",2021-08-15,"Playstore","abeg",43
"1059",2021-08-15,"Playstore","flutterwave",1
"1060",2021-08-16,"AppStore","flutterwave",1
"1061",2021-08-16,"Playstore","abeg",50
"1062",2021-08-16,"Playstore","flutterwave",4
"1063",2021-08-17,"AppStore","abeg",2
"1064",2021-08-17,"Playstore","abeg",43
"1065",2021-08-17,"Playstore","flutterwave",3
"1066",2021-08-18,"AppStore","abeg",1
"1067",2021-08-18,"Playstore","abeg",45
"1068",2021-08-18,"Playstore","flutterwave",2
"1069",2021-08-19,"AppStore","abeg",1
"1070",2021-08-19,"Playstore","abeg",24
"1071",2021-08-20,"AppStore","abeg",2
"1072",2021-08-20,"AppStore","flutterwave",1
"1073",2021-08-20,"Playstore","abeg",38
"1074",2021-08-20,"Playstore","flutterwave",3
"1075",2021-08-21,"AppStore","abeg",3
"1076",2021-08-21,"Playstore","abeg",41
"1077",2021-08-21,"Playstore","flutterwave",5
"1078",2021-08-22,"AppStore","flutterwave",1
"1079",2021-08-22,"Playstore","abeg",30
"1080",2021-08-22,"Playstore","flutterwave",3
"1081",2021-08-23,"AppStore","abeg",2
"1082",2021-08-23,"Playstore","abeg",35
"1083",2021-08-23,"Playstore","flutterwave",2
"1084",2021-08-24,"AppStore","flutterwave",1
"1085",2021-08-24,"Playstore","abeg",41
"1086",2021-08-24,"Playstore","flutterwave",2
"1087",2021-08-25,"AppStore","abeg",1
"1088",2021-08-25,"Playstore","abeg",18
"1089",2021-08-25,"Playstore","flutterwave",2
"1090",2021-08-26,"AppStore","abeg",2
"1091",2021-08-26,"Playstore","abeg",16
"1092",2021-08-26,"Playstore","flutterwave",6
"1093",2021-08-27,"AppStore","flutterwave",1
"1094",2021-08-27,"Playstore","abeg",39
"1095",2021-08-27,"Playstore","flutterwave",1
"1096",2021-08-28,"AppStore","flutterwave",2
"1097",2021-08-28,"Playstore","abeg",14
"1098",2021-08-28,"Playstore","flutterwave",4
"1099",2021-08-29,"Playstore","abeg",26
"1100",2021-08-29,"Playstore","flutterwave",2
"1101",2021-08-30,"Playstore","abeg",22
"1102",2021-08-30,"Playstore","flutterwave",4
"1103",2021-08-31,"AppStore","abeg",1
"1104",2021-08-31,"Playstore","abeg",19
"1105",2021-08-31,"Playstore","flutterwave",4
"1106",2021-09-01,"Playstore","abeg",18
"1107",2021-09-01,"Playstore","flutterwave",3
"1108",2021-09-02,"Playstore","abeg",25
"1109",2021-09-02,"Playstore","flutterwave",7
"1110",2021-09-03,"AppStore","abeg",1
"1111",2021-09-03,"Playstore","abeg",46
"1112",2021-09-03,"Playstore","flutterwave",4
"1113",2021-09-04,"AppStore","abeg",1
"1114",2021-09-04,"Playstore","abeg",46
"1115",2021-09-04,"Playstore","flutterwave",1
"1116",2021-09-05,"AppStore","abeg",2
"1117",2021-09-05,"Playstore","abeg",23
"1118",2021-09-05,"Playstore","flutterwave",1
"1119",2021-09-06,"AppStore","abeg",1
"1120",2021-09-06,"Playstore","abeg",41
"1121",2021-09-06,"Playstore","flutterwave",4
"1122",2021-09-07,"AppStore","abeg",1
"1123",2021-09-07,"Playstore","abeg",24
"1124",2021-09-07,"Playstore","flutterwave",2
"1125",2021-09-08,"AppStore","abeg",1
"1126",2021-09-08,"Playstore","abeg",27
"1127",2021-09-08,"Playstore","flutterwave",1
"1128",2021-09-09,"AppStore","abeg",1
"1129",2021-09-09,"Playstore","abeg",11
"1130",2021-09-09,"Playstore","flutterwave",3
"1131",2021-09-10,"AppStore","abeg",1
"1132",2021-09-10,"Playstore","abeg",15
"1133",2021-09-10,"Playstore","flutterwave",4
"1134",2021-09-11,"Playstore","abeg",11
"1135",2021-09-11,"Playstore","flutterwave",4
"1136",2021-09-12,"AppStore","abeg",1
"1137",2021-09-12,"Playstore","abeg",14
"1138",2021-09-12,"Playstore","flutterwave",1
"1139",2021-09-13,"Playstore","abeg",10
"1140",2021-09-13,"Playstore","flutterwave",2
"1141",2021-09-14,"AppStore","abeg",1
"1142",2021-09-14,"Playstore","abeg",10
"1143",2021-09-14,"Playstore","flutterwave",3
"1144",2021-09-15,"Playstore","abeg",10
"1145",2021-09-15,"Playstore","flutterwave",1
"1146",2021-09-16,"AppStore","abeg",1
"1147",2021-09-16,"Playstore","abeg",12
"1148",2021-09-16,"Playstore","flutterwave",2
"1149",2021-09-17,"Playstore","abeg",10
"1150",2021-09-17,"Playstore","flutterwave",3
"1151",2021-09-18,"Playstore","abeg",6
"1152",2021-09-18,"Playstore","flutterwave",3
"1153",2021-09-19,"Playstore","abeg",5
"1154",2021-09-19,"Playstore","flutterwave",2
"1155",2021-09-20,"Playstore","abeg",5
"1156",2021-09-20,"Playstore","flutterwave",7
"1157",2021-09-21,"Playstore","abeg",13
"1158",2021-09-21,"Playstore","flutterwave",3
"1159",2021-09-22,"Playstore","abeg",6
"1160",2021-09-22,"Playstore","flutterwave",6
"1161",2021-09-23,"Playstore","abeg",6
"1162",2021-09-23,"Playstore","flutterwave",6
"1163",2021-09-24,"Playstore","abeg",8
"1164",2021-09-24,"Playstore","flutterwave",4
"1165",2021-09-25,"Playstore","abeg",2
"1166",2021-09-25,"Playstore","flutterwave",4
"1167",2021-09-26,"Playstore","abeg",4
"1168",2021-09-26,"Playstore","flutterwave",4
"1169",2021-09-27,"Playstore","abeg",9
"1170",2021-09-27,"Playstore","flutterwave",3
"1171",2021-09-28,"AppStore","flutterwave",1
"1172",2021-09-28,"Playstore","abeg",5
"1173",2021-09-28,"Playstore","flutterwave",4
"1174",2021-09-29,"Playstore","abeg",14
"1175",2021-09-29,"Playstore","flutterwave",3
"1176",2021-09-30,"Playstore","abeg",12
"1177",2021-09-30,"Playstore","flutterwave",2
"1178",2021-10-01,"AppStore","abeg",1
"1179",2021-10-01,"AppStore","flutterwave",1
"1180",2021-10-01,"Playstore","abeg",23
"1181",2021-10-02,"AppStore","abeg",1
"1182",2021-10-02,"Playstore","abeg",26
"1183",2021-10-02,"Playstore","flutterwave",4
"1184",2021-10-03,"Playstore","abeg",7
"1185",2021-10-03,"Playstore","flutterwave",1
