"word","n","brand","ReviewSource"
"ap",46,"abeg","AppStore"
"money",31,"abeg","AppStore"
"acount",27,"abeg","AppStore"
"canât",19,"abeg","AppStore"
"donât",15,"abeg","AppStore"
"bvn",14,"abeg","AppStore"
"number",14,"abeg","AppStore"
"get",12,"abeg","AppStore"
"abeg",11,"abeg","AppStore"
"download",11,"abeg","AppStore"
"even",11,"abeg","AppStore"
"withdraw",11,"abeg","AppStore"
"iâm",10,"abeg","AppStore"
"please",10,"abeg","AppStore"
"put",10,"abeg","AppStore"
"tried",10,"abeg","AppStore"
"airtime",9,"abeg","AppStore"
"bank",9,"abeg","AppStore"
"ben",9,"abeg","AppStore"
"can",9,"abeg","AppStore"
"just",9,"abeg","AppStore"
"now",9,"abeg","AppStore"
"since",9,"abeg","AppStore"
"try",9,"abeg","AppStore"
"trying",9,"abeg","AppStore"
"ap",85,"flutterwave","AppStore"
"money",50,"flutterwave","AppStore"
"acount",46,"flutterwave","AppStore"
"barter",32,"flutterwave","AppStore"
"card",26,"flutterwave","AppStore"
"please",22,"flutterwave","AppStore"
"use",21,"flutterwave","AppStore"
"just",20,"flutterwave","AppStore"
"al",18,"flutterwave","AppStore"
"bank",18,"flutterwave","AppStore"
"can",18,"flutterwave","AppStore"
"itâs",18,"flutterwave","AppStore"
"canât",17,"flutterwave","AppStore"
"even",17,"flutterwave","AppStore"
"iâm",16,"flutterwave","AppStore"
"back",14,"flutterwave","AppStore"
"donât",14,"flutterwave","AppStore"
"now",14,"flutterwave","AppStore"
"send",14,"flutterwave","AppStore"
"get",13,"flutterwave","AppStore"
"transfer",13,"flutterwave","AppStore"
"ap",1320,"abeg","Playstore"
"acount",534,"abeg","Playstore"
"cant",347,"abeg","Playstore"
"ben",328,"abeg","Playstore"
"bvn",322,"abeg","Playstore"
"abeg",300,"abeg","Playstore"
"money",258,"abeg","Playstore"
"number",241,"abeg","Playstore"
"now",236,"abeg","Playstore"
"please",222,"abeg","Playstore"
"bank",211,"abeg","Playstore"
"otp",211,"abeg","Playstore"
"dont",191,"abeg","Playstore"
"god",173,"abeg","Playstore"
"just",166,"abeg","Playstore"
"even",158,"abeg","Playstore"
"keps",153,"abeg","Playstore"
"trying",151,"abeg","Playstore"
"verify",146,"abeg","Playstore"
"can",141,"abeg","Playstore"
"ap",2023,"flutterwave","Playstore"
"money",674,"flutterwave","Playstore"
"acount",631,"flutterwave","Playstore"
"card",607,"flutterwave","Playstore"
"god",573,"flutterwave","Playstore"
"great",523,"flutterwave","Playstore"
"barter",408,"flutterwave","Playstore"
"use",401,"flutterwave","Playstore"
"cant",382,"flutterwave","Playstore"
"ben",356,"flutterwave","Playstore"
"easy",299,"flutterwave","Playstore"
"can",290,"flutterwave","Playstore"
"please",280,"flutterwave","Playstore"
"just",279,"flutterwave","Playstore"
"nice",278,"flutterwave","Playstore"
"now",265,"flutterwave","Playstore"
"best",264,"flutterwave","Playstore"
"al",261,"flutterwave","Playstore"
"love",261,"flutterwave","Playstore"
"dolar",250,"flutterwave","Playstore"
